label,pixel0,pixel1,pixel2,pixel3,pixel4,pixel5,pixel6,pixel7,pixel8,pixel9,pixel10,pixel11,pixel12,pixel13,pixel14,pixel15,pixel16,pixel17,pixel18,pixel19,pixel20,pixel21,pixel22,pixel23,pixel24,pixel25,pixel26,pixel27,pixel28,pixel29,pixel30,pixel31,pixel32,pixel33,pixel34,pixel35,pixel36,pixel37,pixel38,pixel39,pixel40,pixel41,pixel42,pixel43,pixel44,pixel45,pixel46,pixel47,pixel48,pixel49,pixel50,pixel51,pixel52,pixel53,pixel54,pixel55,pixel56,pixel57,pixel58,pixel59,pixel60,pixel61,pixel62,pixel63,pixel64,pixel65,pixel66,pixel67,pixel68,pixel69,pixel70,pixel71,pixel72,pixel73,pixel74,pixel75,pixel76,pixel77,pixel78,pixel79,pixel80,pixel81,pixel82,pixel83,pixel84,pixel85,pixel86,pixel87,pixel88,pixel89,pixel90,pixel91,pixel92,pixel93,pixel94,pixel95,pixel96,pixel97,pixel98,pixel99,pixel100,pixel101,pixel102,pixel103,pixel104,pixel105,pixel106,pixel107,pixel108,pixel109,pixel110,pixel111,pixel112,pixel113,pixel114,pixel115,pixel116,pixel117,pixel118,pixel119,pixel120,pixel121,pixel122,pixel123,pixel124,pixel125,pixel126,pixel127,pixel128,pixel129,pixel130,pixel131,pixel132,pixel133,pixel134,pixel135,pixel136,pixel137,pixel138,pixel139,pixel140,pixel141,pixel142,pixel143,pixel144,pixel145,pixel146,pixel147,pixel148,pixel149,pixel150,pixel151,pixel152,pixel153,pixel154,pixel155,pixel156,pixel157,pixel158,pixel159,pixel160,pixel161,pixel162,pixel163,pixel164,pixel165,pixel166,pixel167,pixel168,pixel169,pixel170,pixel171,pixel172,pixel173,pixel174,pixel175,pixel176,pixel177,pixel178,pixel179,pixel180,pixel181,pixel182,pixel183,pixel184,pixel185,pixel186,pixel187,pixel188,pixel189,pixel190,pixel191,pixel192,pixel193,pixel194,pixel195,pixel196,pixel197,pixel198,pixel199,pixel200,pixel201,pixel202,pixel203,pixel204,pixel205,pixel206,pixel207,pixel208,pixel209,pixel210,pixel211,pixel212,pixel213,pixel214,pixel215,pixel216,pixel217,pixel218,pixel219,pixel220,pixel221,pixel222,pixel223,pixel224,pixel225,pixel226,pixel227,pixel228,pixel229,pixel230,pixel231,pixel232,pixel233,pixel234,pixel235,pixel236,pixel237,pixel238,pixel239,pixel240,pixel241,pixel242,pixel243,pixel244,pixel245,pixel246,pixel247,pixel248,pixel249,pixel250,pixel251,pixel252,pixel253,pixel254,pixel255,pixel256,pixel257,pixel258,pixel259,pixel260,pixel261,pixel262,pixel263,pixel264,pixel265,pixel266,pixel267,pixel268,pixel269,pixel270,pixel271,pixel272,pixel273,pixel274,pixel275,pixel276,pixel277,pixel278,pixel279,pixel280,pixel281,pixel282,pixel283,pixel284,pixel285,pixel286,pixel287,pixel288,pixel289,pixel290,pixel291,pixel292,pixel293,pixel294,pixel295,pixel296,pixel297,pixel298,pixel299,pixel300,pixel301,pixel302,pixel303,pixel304,pixel305,pixel306,pixel307,pixel308,pixel309,pixel310,pixel311,pixel312,pixel313,pixel314,pixel315,pixel316,pixel317,pixel318,pixel319,pixel320,pixel321,pixel322,pixel323,pixel324,pixel325,pixel326,pixel327,pixel328,pixel329,pixel330,pixel331,pixel332,pixel333,pixel334,pixel335,pixel336,pixel337,pixel338,pixel339,pixel340,pixel341,pixel342,pixel343,pixel344,pixel345,pixel346,pixel347,pixel348,pixel349,pixel350,pixel351,pixel352,pixel353,pixel354,pixel355,pixel356,pixel357,pixel358,pixel359,pixel360,pixel361,pixel362,pixel363,pixel364,pixel365,pixel366,pixel367,pixel368,pixel369,pixel370,pixel371,pixel372,pixel373,pixel374,pixel375,pixel376,pixel377,pixel378,pixel379,pixel380,pixel381,pixel382,pixel383,pixel384,pixel385,pixel386,pixel387,pixel388,pixel389,pixel390,pixel391,pixel392,pixel393,pixel394,pixel395,pixel396,pixel397,pixel398,pixel399,pixel400,pixel401,pixel402,pixel403,pixel404,pixel405,pixel406,pixel407,pixel408,pixel409,pixel410,pixel411,pixel412,pixel413,pixel414,pixel415,pixel416,pixel417,pixel418,pixel419,pixel420,pixel421,pixel422,pixel423,pixel424,pixel425,pixel426,pixel427,pixel428,pixel429,pixel430,pixel431,pixel432,pixel433,pixel434,pixel435,pixel436,pixel437,pixel438,pixel439,pixel440,pixel441,pixel442,pixel443,pixel444,pixel445,pixel446,pixel447,pixel448,pixel449,pixel450,pixel451,pixel452,pixel453,pixel454,pixel455,pixel456,pixel457,pixel458,pixel459,pixel460,pixel461,pixel462,pixel463,pixel464,pixel465,pixel466,pixel467,pixel468,pixel469,pixel470,pixel471,pixel472,pixel473,pixel474,pixel475,pixel476,pixel477,pixel478,pixel479,pixel480,pixel481,pixel482,pixel483,pixel484,pixel485,pixel486,pixel487,pixel488,pixel489,pixel490,pixel491,pixel492,pixel493,pixel494,pixel495,pixel496,pixel497,pixel498,pixel499,pixel500,pixel501,pixel502,pixel503,pixel504,pixel505,pixel506,pixel507,pixel508,pixel509,pixel510,pixel511,pixel512,pixel513,pixel514,pixel515,pixel516,pixel517,pixel518,pixel519,pixel520,pixel521,pixel522,pixel523,pixel524,pixel525,pixel526,pixel527,pixel528,pixel529,pixel530,pixel531,pixel532,pixel533,pixel534,pixel535,pixel536,pixel537,pixel538,pixel539,pixel540,pixel541,pixel542,pixel543,pixel544,pixel545,pixel546,pixel547,pixel548,pixel549,pixel550,pixel551,pixel552,pixel553,pixel554,pixel555,pixel556,pixel557,pixel558,pixel559,pixel560,pixel561,pixel562,pixel563,pixel564,pixel565,pixel566,pixel567,pixel568,pixel569,pixel570,pixel571,pixel572,pixel573,pixel574,pixel575,pixel576,pixel577,pixel578,pixel579,pixel580,pixel581,pixel582,pixel583,pixel584,pixel585,pixel586,pixel587,pixel588,pixel589,pixel590,pixel591,pixel592,pixel593,pixel594,pixel595,pixel596,pixel597,pixel598,pixel599,pixel600,pixel601,pixel602,pixel603,pixel604,pixel605,pixel606,pixel607,pixel608,pixel609,pixel610,pixel611,pixel612,pixel613,pixel614,pixel615,pixel616,pixel617,pixel618,pixel619,pixel620,pixel621,pixel622,pixel623,pixel624,pixel625,pixel626,pixel627,pixel628,pixel629,pixel630,pixel631,pixel632,pixel633,pixel634,pixel635,pixel636,pixel637,pixel638,pixel639,pixel640,pixel641,pixel642,pixel643,pixel644,pixel645,pixel646,pixel647,pixel648,pixel649,pixel650,pixel651,pixel652,pixel653,pixel654,pixel655,pixel656,pixel657,pixel658,pixel659,pixel660,pixel661,pixel662,pixel663,pixel664,pixel665,pixel666,pixel667,pixel668,pixel669,pixel670,pixel671,pixel672,pixel673,pixel674,pixel675,pixel676,pixel677,pixel678,pixel679,pixel680,pixel681,pixel682,pixel683,pixel684,pixel685,pixel686,pixel687,pixel688,pixel689,pixel690,pixel691,pixel692,pixel693,pixel694,pixel695,pixel696,pixel697,pixel698,pixel699,pixel700,pixel701,pixel702,pixel703,pixel704,pixel705,pixel706,pixel707,pixel708,pixel709,pixel710,pixel711,pixel712,pixel713,pixel714,pixel715,pixel716,pixel717,pixel718,pixel719,pixel720,pixel721,pixel722,pixel723,pixel724,pixel725,pixel726,pixel727,pixel728,pixel729,pixel730,pixel731,pixel732,pixel733,pixel734,pixel735,pixel736,pixel737,pixel738,pixel739,pixel740,pixel741,pixel742,pixel743,pixel744,pixel745,pixel746,pixel747,pixel748,pixel749,pixel750,pixel751,pixel752,pixel753,pixel754,pixel755,pixel756,pixel757,pixel758,pixel759,pixel760,pixel761,pixel762,pixel763,pixel764,pixel765,pixel766,pixel767,pixel768,pixel769,pixel770,pixel771,pixel772,pixel773,pixel774,pixel775,pixel776,pixel777,pixel778,pixel779,pixel780,pixel781,pixel782,pixel783
2,220,146,63,186,199,86,100,139,197,29,253,64,199,99,37,253,170,140,89,106,143,111,191,121,173,214,234,17,133,229,55,119,154,136,143,50,203,38,118,142,180,163,10,185,98,8,85,115,81,235,94,25,204,122,255,125,135,57,161,160,242,142,69,95,147,170,105,126,119,82,11,147,211,46,52,55,126,229,243,42,198,70,24,46,20,241,242,242,142,137,252,202,82,193,86,235,114,14,241,103,132,146,15,15,168,177,202,108,82,189,0,96,247,127,39,80,58,4,90,94,82,75,255,58,120,50,161,190,2,24,208,40,175,226,184,228,234,50,65,207,185,78,130,145,74,145,230,7,146,107,99,66,64,78,45,40,203,26,176,202,154,15,167,16,175,198,132,178,203,136,63,115,169,250,20,133,137,78,134,25,85,88,20,48,2,237,145,49,135,207,23,61,144,166,93,18,133,232,63,128,29,41,146,223,96,12,40,230,131,151,241,81,54,93,138,15,222,127,230,117,226,174,30,229,133,165,229,165,103,137,125,175,71,131,141,12,201,244,175,202,111,94,158,128,38,106,169,229,159,231,83,193,25,188,18,85,239,98,46,17,109,11,21,20,60,0,243,219,131,186,41,2,176,105,164,193,112,52,254,50,86,111,16,238,101,45,77,172,200,123,150,34,158,24,143,79,52,216,17,178,39,129,156,106,231,231,90,152,221,76,139,207,211,161,89,68,227,66,118,104,194,45,80,228,15,151,91,188,187,140,65,209,58,184,151,159,237,52,201,103,199,35,5,65,218,138,207,201,169,218,236,112,239,243,35,93,204,48,70,14,218,128,206,172,111,93,87,74,107,112,114,109,8,148,98,189,83,182,198,46,237,148,102,224,212,167,128,172,43,220,101,4,126,215,79,157,176,73,213,252,225,17,247,13,116,153,120,87,91,16,142,47,219,149,236,35,86,146,87,170,56,110,114,150,164,143,95,118,143,132,78,192,241,178,34,61,1,143,223,2,45,222,217,28,198,138,213,193,63,171,18,148,150,254,83,206,74,70,39,53,68,233,210,8,96,93,54,103,104,85,25,101,69,188,229,121,111,232,172,123,136,159,94,64,90,33,111,152,57,81,57,246,218,213,37,179,228,89,250,229,97,100,60,145,71,239,156,106,252,102,19,191,51,131,196,1,120,189,46,90,124,217,234,9,241,183,115,156,247,212,96,243,180,141,191,4,234,122,182,65,15,29,127,139,255,148,92,111,104,81,183,244,180,227,187,96,6,9,84,154,0,88,246,53,84,246,121,126,55,10,148,155,83,229,234,223,118,242,217,217,23,203,250,99,255,97,146,52,175,31,80,211,250,156,98,107,182,171,39,205,80,77,200,4,118,173,7,4,91,232,153,185,99,70,67,235,148,60,162,39,253,81,202,126,200,126,36,42,153,152,166,102,5,177,134,178,10,243,141,98,54,186,222,221,121,11,225,82,3,188,153,66,209,124,42,117,222,193,192,2,194,32,143,233,229,97,212,100,22,121,92,119,137,240,115,104,226,98,172,30,216,246,55,214,23,56,68,73,91,144,30,167,37,77,229,162,163,89,131,211,140,162,172,1,136,108,14,57,8,57,90,141,223,221,137,61,0,219,133,208,197,81,95,192,109,250,121,233,10,166,187,181,158,21,105,222,32,123,61,152,188,144,156,30,36,34,120,143,163,182,115,155,27,151,220,50,186,168,42,227,45,70,201,250,181,143,205,154,188,162,98,230,111,28,44,82,14,4,192,74,246,94,227,217
4,62,160,82,45,182,94,165,68,51,118,196,183,89,73,206,87,166,150,186,28,4,213,249,82,30,2,241,167,217,4,252,180,178,170,221,91,81,151,101,0,105,79,101,25,32,150,1,97,177,144,143,174,32,107,87,204,66,161,79,41,214,91,217,43,247,11,119,226,30,253,119,212,91,33,118,83,22,186,209,77,200,89,56,188,217,153,90,249,65,198,105,95,53,175,135,192,212,15,60,204,238,73,230,247,116,215,245,153,164,208,43,252,117,112,100,8,232,111,40,103,127,175,49,189,237,54,64,35,0,34,70,110,49,231,151,24,223,255,223,196,125,180,136,232,5,157,100,53,124,32,2,249,145,99,98,25,16,49,226,163,37,209,76,51,238,28,5,68,67,41,1,231,207,62,117,110,82,124,132,240,132,95,65,150,3,36,204,235,71,6,94,67,60,83,219,23,81,167,34,245,21,110,78,190,84,126,136,10,6,214,205,113,92,86,204,249,119,138,83,108,243,84,44,58,152,189,153,198,142,37,162,185,92,41,151,249,227,30,64,7,170,160,176,92,76,157,227,30,54,102,14,88,70,32,114,83,220,66,251,226,22,180,213,12,99,105,137,246,160,140,184,175,201,219,10,241,31,199,16,59,102,216,1,182,1,48,90,95,192,70,41,223,102,231,242,227,66,167,192,210,53,160,32,40,240,48,251,92,239,157,80,99,210,52,195,117,199,181,28,19,75,140,125,144,37,10,181,72,36,162,161,193,240,223,179,185,169,86,109,53,242,23,207,131,188,163,109,159,120,41,144,246,112,134,129,8,20,42,41,189,132,173,67,59,72,42,100,158,37,29,83,41,253,81,26,94,215,27,189,174,17,80,69,207,5,13,231,59,118,183,160,245,136,51,23,36,5,81,133,212,152,156,234,68,209,129,166,98,157,6,179,61,139,247,141,60,184,138,67,208,99,81,231,128,118,193,5,42,62,204,187,19,200,31,161,70,248,87,111,25,71,238,180,183,183,78,213,198,111,184,93,169,202,223,245,25,217,18,160,72,199,199,178,39,240,111,212,236,162,189,237,158,150,1,195,153,19,84,228,10,146,71,250,205,181,60,55,122,217,140,193,160,117,45,170,122,23,228,176,1,29,211,116,87,161,254,45,181,246,60,105,27,213,33,209,120,22,95,18,199,142,214,118,56,80,93,7,52,0,45,41,66,241,55,163,196,218,47,109,154,170,171,26,105,111,225,166,241,137,160,238,203,131,254,75,164,45,68,145,145,161,191,119,49,6,114,248,9,31,58,44,8,10,14,113,222,124,83,21,242,112,48,95,132,212,235,229,177,221,217,189,58,175,188,21,10,163,207,65,115,16,63,252,230,11,153,32,96,78,244,58,133,254,35,238,207,218,101,158,193,53,112,244,126,188,155,199,36,44,218,15,188,181,147,145,200,51,177,42,131,62,32,210,53,49,164,80,59,190,170,171,116,16,24,34,156,90,238,121,50,50,226,110,240,128,95,241,145,202,213,13,159,15,117,45,147,0,156,235,67,40,77,238,3,24,147,171,162,147,155,244,64,136,125,133,56,86,101,41,177,209,214,245,68,196,52,211,151,116,178,131,96,196,106,148,74,146,224,90,47,95,247,41,124,198,8,57,96,56,3,211,2,194,188,65,32,237,7,184,30,130,15,135,88,226,59,10,208,94,206,125,238,125,92,112,136,50,155,52,174,92,101,54,100,118,227,211,126,87,122,93,179,93,203,160,82,252,52,213,147,25,132,216,201
2,148,204,45,154,145,24,123,32,155,79,69,160,23,59,193,61,238,102,141,190,132,91,13,207,226,177,69,245,46,164,236,223,141,100,225,243,127,32,73,145,165,39,35,141,23,119,46,187,236,74,75,99,131,46,144,251,40,187,254,38,37,234,66,195,175,117,143,199,39,189,193,150,182,171,222,197,120,44,16,44,227,212,117,51,189,138,92,116,73,69,77,32,200,75,143,237,107,84,221,158,160,80,255,219,72,16,114,255,16,190,211,2,239,72,175,133,172,42,90,52,106,66,16,218,124,241,4,145,222,24,82,126,115,47,175,59,12,43,231,165,0,35,133,17,11,66,78,107,85,58,153,35,190,247,58,4,249,155,81,254,231,151,152,34,174,27,152,188,237,66,174,16,152,12,99,134,9,115,65,114,149,11,254,246,135,74,236,105,145,249,246,185,226,247,51,110,246,203,94,54,86,244,37,255,176,94,109,174,105,204,248,100,206,220,142,153,106,6,32,91,191,24,23,166,127,158,181,254,183,192,110,77,172,140,42,251,73,61,213,89,249,21,90,90,43,12,141,149,177,52,190,121,55,2,108,238,58,225,186,154,139,171,6,202,185,104,227,18,192,27,164,87,208,162,62,157,117,221,45,89,69,158,93,70,102,17,72,29,112,55,128,244,174,95,177,221,125,190,88,167,87,39,160,210,131,228,214,107,238,85,204,56,86,209,154,174,61,151,240,86,217,27,7,115,201,127,62,191,231,203,166,167,150,73,232,239,224,76,68,16,230,247,50,66,106,242,179,47,195,30,249,102,211,228,142,78,57,47,77,206,193,23,199,98,111,206,157,89,102,148,114,237,23,11,152,113,92,124,13,69,5,32,233,13,225,129,226,40,219,234,154,131,7,236,116,188,88,170,21,170,93,183,28,254,181,244,7,1,178,76,163,14,114,220,64,197,195,28,111,91,239,134,124,60,123,4,228,193,91,175,41,223,82,87,184,77,44,222,108,161,66,187,3,81,18,79,212,253,53,129,47,182,252,231,194,73,68,249,72,89,56,253,3,80,159,209,221,107,151,7,117,35,50,255,197,93,139,84,168,136,65,26,131,104,38,109,197,87,85,153,8,169,167,195,64,254,127,135,86,107,120,106,170,205,115,155,242,128,174,63,29,123,138,97,84,115,7,64,88,210,197,243,225,153,86,115,31,253,74,210,135,204,45,196,97,36,125,58,28,175,101,229,250,204,85,79,18,37,227,193,195,177,38,167,207,43,115,26,179,140,135,215,60,229,30,155,201,143,33,208,139,196,52,28,145,100,189,203,70,157,39,99,210,79,239,98,51,48,226,214,26,156,13,156,59,112,28,29,44,149,10,22,169,194,0,227,63,206,82,213,91,138,170,84,169,139,161,123,141,1,33,224,248,67,87,204,28,253,93,92,253,225,64,73,159,235,207,75,109,207,142,101,91,171,94,160,6,111,60,75,200,213,143,37,107,229,5,250,17,193,53,5,237,2,162,227,112,80,124,66,83,62,123,4,37,183,205,128,60,133,104,39,115,13,221,39,151,176,221,59,71,21,4,61,27,65,7,71,134,20,42,53,235,14,227,106,172,71,187,106,104,55,106,223,66,174,200,212,7,153,7,132,62,34,85,98,217,85,169,162,207,51,192,229,149,144,96,217,49,66,195,138,29,77,57,97,115,29,134,51,154,235,98,111,64,97,211,33,197,147,221,43,239,162,176,37,208,25,67,110,100,111,17,173,127,124,51,124,205,32,227,130,153,59
0,95,61,217,188,213,28,120,194,57,45,177,168,184,18,244,8,59,184,65,247,156,3,204,14,98,142,177,116,151,118,198,153,143,22,76,104,161,117,102,15,207,48,195,199,208,198,116,35,96,166,66,59,167,151,130,203,161,225,108,214,109,167,89,233,5,72,169,32,22,102,126,102,69,98,135,118,149,164,194,0,45,67,158,141,107,199,37,202,246,203,76,99,60,41,16,114,185,21,81,211,82,123,195,167,250,179,228,143,194,97,136,23,211,32,71,163,248,200,208,12,8,57,52,180,37,46,211,84,160,190,183,11,240,199,83,108,178,172,138,218,204,151,157,207,152,30,178,173,142,89,58,19,49,249,32,161,72,21,63,87,192,232,132,56,129,240,37,168,203,162,26,227,115,59,197,253,154,209,189,152,240,232,183,171,11,148,209,121,18,226,195,131,123,108,20,148,25,199,33,193,142,49,202,119,0,128,37,244,233,95,124,98,145,111,133,173,14,254,149,86,197,221,82,137,234,209,218,30,27,129,1,243,49,9,19,58,21,84,178,161,34,40,234,168,46,32,88,91,179,66,98,166,62,252,183,252,45,249,226,212,81,98,178,184,226,110,134,226,223,124,36,206,144,255,44,195,74,22,9,58,6,49,128,9,101,221,142,124,227,35,93,57,33,109,141,167,207,215,166,66,38,47,155,217,127,179,147,252,17,217,225,16,187,47,43,63,25,144,224,10,219,163,133,131,98,59,230,78,92,181,56,40,11,192,194,48,103,220,154,33,186,80,13,97,99,42,180,111,168,139,128,53,107,137,83,245,9,184,14,32,241,26,135,208,146,94,72,213,26,84,64,79,241,205,180,167,24,191,147,41,177,15,236,224,16,99,200,230,156,122,91,168,96,13,64,58,130,139,92,182,106,88,98,202,248,91,180,47,69,41,231,156,94,96,205,24,7,173,162,11,143,133,23,155,24,75,100,151,168,60,45,76,87,111,134,88,87,227,27,163,170,219,157,180,201,165,159,31,4,147,199,12,255,67,173,252,204,187,140,149,154,188,79,178,67,72,96,121,1,195,73,98,163,216,233,24,157,85,153,120,208,15,70,100,113,90,91,55,151,126,171,7,170,233,96,15,233,83,232,117,29,154,251,81,49,221,54,146,195,171,39,194,17,195,83,122,253,200,162,243,43,248,135,1,179,161,58,41,142,124,88,227,66,116,8,93,46,227,78,19,42,137,227,80,180,245,12,39,194,62,124,59,235,58,125,15,210,1,65,202,61,135,99,32,228,231,144,156,170,187,36,239,191,168,57,25,233,57,115,77,249,194,198,15,3,104,196,4,38,237,133,117,188,200,166,23,253,40,218,176,122,152,164,54,94,189,102,239,38,222,177,233,211,1,136,52,166,43,111,169,113,125,98,94,191,58,253,231,89,197,203,255,110,15,226,90,89,33,75,128,45,52,225,13,211,243,172,120,195,228,28,143,177,234,111,243,244,207,45,228,101,148,67,10,156,20,175,253,40,136,50,36,29,56,200,172,248,169,94,234,34,41,46,0,250,190,59,209,234,138,56,22,149,165,196,206,51,88,106,164,143,219,148,100,188,214,244,254,201,188,121,253,209,216,37,196,183,47,101,66,40,182,169,171,31,136,254,54,235,46,236,149,85,81,107,72,92,131,92,89,27,47,197,47,103,4,65,59,168,2,209,225,230,242,112,24,36,50,108,20,48,123,11,212,62,71,26,95,242,113,17,39,125,149,88,195,38,91,166,156,34,172,111,241
5,35,127,106,117,206,147,44,61,30,227,12,17,56,177,35,196,189,78,17,147,162,218,190,225,107,156,22,134,194,94,20,211,82,157,222,33,154,116,66,156,156,143,223,148,19,154,202,145,96,66,28,202,35,141,95,45,53,198,8,205,183,210,104,229,147,51,98,127,3,44,196,189,32,99,19,175,26,189,202,5,236,122,203,161,45,19,70,164,25,244,138,99,45,163,210,156,27,37,19,67,171,50,217,79,205,247,221,55,139,110,109,73,20,250,238,201,172,117,236,28,243,101,249,177,83,60,219,35,57,99,49,43,253,45,143,243,28,42,23,134,164,250,213,115,101,246,93,158,125,134,94,177,101,29,190,175,73,133,166,231,141,147,173,115,105,225,158,234,180,239,193,236,120,67,128,204,217,44,139,157,109,136,238,123,113,161,57,51,1,33,132,238,254,228,148,203,235,36,248,253,227,5,68,144,2,113,139,69,170,201,71,206,253,72,108,15,150,198,240,135,170,232,122,32,4,111,198,255,14,95,190,100,103,27,185,53,94,166,9,63,109,97,240,132,33,65,244,157,253,211,249,157,188,190,205,57,255,76,201,248,100,182,91,171,242,83,179,37,112,140,247,77,191,182,20,160,148,13,3,10,227,99,72,65,28,27,90,32,77,244,175,168,220,174,234,43,159,174,89,151,67,148,95,152,119,36,14,147,193,229,206,134,65,37,145,22,121,118,243,215,234,128,238,191,78,121,113,112,153,59,163,151,93,102,38,103,195,13,74,12,81,15,146,251,88,149,171,116,32,200,168,145,13,2,245,24,250,144,2,168,176,42,65,93,215,86,77,35,145,36,56,72,38,249,177,232,41,66,181,181,99,46,181,221,142,115,158,3,121,184,31,178,231,46,227,95,56,8,91,130,134,158,118,180,224,56,238,246,73,154,173,126,100,75,125,145,154,102,128,125,43,179,208,115,26,48,166,161,216,4,69,136,128,173,45,207,215,219,13,6,142,203,149,196,187,164,10,139,210,15,85,244,121,218,114,150,87,14,124,189,239,220,247,233,17,185,253,44,26,166,115,78,105,108,83,161,10,25,166,12,212,161,25,181,5,200,241,155,236,67,191,149,210,219,255,15,194,248,54,198,0,189,150,36,215,114,95,142,38,138,70,198,139,223,174,206,244,202,201,204,57,241,101,5,156,52,46,126,93,219,20,196,184,225,72,90,48,121,178,184,25,59,164,98,163,62,196,28,143,43,49,202,130,177,159,231,217,19,51,218,59,2,168,141,128,126,94,161,9,205,248,56,82,95,211,10,242,30,173,228,201,254,184,8,91,49,182,247,237,171,133,14,2,86,169,83,219,107,180,197,175,171,44,65,7,181,169,8,74,7,176,127,182,73,96,149,143,252,140,165,9,223,67,138,191,52,42,158,62,175,190,246,26,98,126,1,41,238,87,40,80,73,23,102,59,213,237,135,46,100,97,80,51,32,138,101,46,86,249,171,172,126,193,144,201,221,153,12,27,102,151,4,91,255,246,236,185,245,128,121,194,111,23,103,142,236,255,233,187,71,25,75,80,85,10,168,232,73,220,125,145,48,206,194,86,26,233,42,157,145,236,124,161,157,20,224,11,218,191,158,15,131,27,151,102,150,171,62,83,246,190,158,217,136,142,95,151,137,230,134,123,196,11,232,170,145,110,113,124,47,200,246,93,165,229,232,77,13,251,58,250,189,34,124,55,240,187,221,194,164,107,12,41,2,202,95,166,112,17,31,166,243,82,200
1,254,207,84,177,73,204,149,203,189,195,68,205,180,214,230,68,28,197,229,160,219,212,84,225,251,18,109,92,99,156,0,161,125,50,78,126,195,73,226,122,96,18,100,241,93,160,150,130,188,253,106,107,3,89,67,243,95,102,61,0,93,187,57,0,169,109,162,194,239,25,122,46,39,92,55,236,237,89,123,226,150,41,137,251,175,146,160,160,98,149,19,16,226,33,7,23,7,36,168,54,193,6,238,24,69,173,238,24,208,64,253,201,247,204,17,132,238,209,64,99,159,128,199,212,36,210,95,38,212,193,162,72,1,238,127,122,177,28,253,44,120,231,180,32,80,253,107,13,244,151,105,71,7,24,207,224,165,73,179,151,231,202,95,167,128,149,50,67,130,85,60,42,65,156,160,48,130,228,221,187,83,183,121,166,213,64,121,90,177,213,228,66,199,43,119,37,105,174,182,224,142,246,137,173,79,201,208,196,151,241,105,191,20,100,208,76,134,99,113,74,236,126,58,196,165,57,143,87,181,87,102,56,160,244,141,232,239,181,112,79,36,234,23,43,183,186,167,198,191,121,20,149,133,215,157,14,142,165,150,224,26,147,230,159,99,218,209,173,101,159,233,224,194,232,15,138,235,29,230,163,70,115,228,88,33,176,16,84,107,79,57,97,193,191,70,95,143,106,198,26,252,255,245,66,154,255,180,181,184,254,241,69,252,226,189,113,139,232,173,209,29,128,53,201,137,142,118,6,159,20,10,32,163,73,83,102,71,202,228,203,229,228,61,151,198,65,105,73,181,155,130,143,100,167,53,164,84,189,132,199,25,68,152,223,213,241,90,95,81,74,159,49,21,199,187,194,199,176,178,200,72,39,163,41,31,77,99,202,169,193,229,74,254,101,145,138,64,167,180,33,19,52,69,98,67,56,85,93,139,8,180,22,136,95,246,23,131,195,82,254,244,14,24,153,113,120,159,78,199,66,87,55,63,35,185,86,199,236,7,229,146,18,136,132,99,231,47,140,89,199,43,203,193,89,65,146,167,231,68,218,65,78,84,129,39,223,54,58,0,244,4,233,171,39,73,184,176,243,58,32,87,95,119,143,105,191,131,3,153,217,128,163,3,47,115,71,241,111,51,200,60,239,71,73,214,125,143,227,217,154,132,157,88,199,166,230,32,239,169,44,112,21,69,182,178,128,242,211,218,77,175,171,136,90,42,202,142,222,122,215,146,155,157,29,202,63,223,135,118,193,89,155,122,18,115,165,24,104,181,69,89,59,27,131,53,2,22,54,28,158,239,252,14,41,65,202,185,247,224,223,45,116,253,123,109,37,249,101,31,38,201,238,95,186,132,232,116,93,145,65,96,179,29,184,146,29,178,93,151,239,23,77,70,37,231,208,130,35,41,233,174,164,171,51,194,242,195,127,253,174,204,192,186,80,183,189,113,70,199,143,148,44,93,40,212,44,191,139,126,145,95,90,133,181,253,121,225,237,222,109,247,208,16,125,170,143,143,196,140,194,80,2,123,203,13,40,127,58,153,126,226,27,86,46,239,88,163,218,204,199,185,216,119,45,134,199,138,217,187,246,60,70,70,69,205,146,19,200,43,49,211,127,243,140,248,224,206,67,103,10,51,211,222,199,148,173,121,253,149,213,1,68,240,11,153,17,56,48,42,195,73,138,251,196,69,104,140,152,91,187,188,219,126,197,227,87,35,51,141,191,154,2,187,232,243,161,97,162,234,195,97,93,199,219,92,42,194,209,214,115,227,66,82,199
8,254,151,160,89,181,157,196,155,161,175,245,196,119,14,127,20,111,127,5,117,10,202,206,106,167,72,177,254,163,185,47,173,53,193,32,80,202,211,41,56,94,150,164,41,20,239,183,129,30,110,180,124,88,200,134,251,196,161,8,137,30,170,219,1,209,231,172,114,101,222,229,49,52,206,155,139,112,244,53,33,223,98,65,70,245,22,10,16,90,89,18,169,217,207,236,155,62,206,97,137,15,74,147,26,69,46,152,58,167,203,95,116,29,177,178,57,109,172,193,9,162,86,86,142,248,233,250,196,69,39,133,188,155,177,245,252,33,138,21,49,23,58,202,185,83,226,125,220,38,124,159,70,65,11,241,205,123,247,194,109,124,51,225,195,198,228,193,72,93,48,197,197,13,127,127,167,101,85,49,149,13,227,146,134,189,220,75,158,3,247,247,249,140,84,169,29,131,96,30,8,144,112,181,99,64,90,128,151,120,6,112,4,172,219,187,148,167,220,40,22,19,58,157,133,4,154,149,44,242,146,207,95,0,192,138,150,64,248,157,15,242,96,35,141,3,130,10,232,139,198,180,176,130,162,203,11,143,167,200,217,64,170,223,34,140,16,155,55,157,217,1,80,113,97,205,96,100,35,245,172,234,83,115,253,185,230,73,198,176,18,225,223,16,151,38,44,234,118,71,49,24,110,25,127,222,90,46,49,53,7,32,114,219,137,97,63,216,206,240,249,166,96,132,93,233,101,2,45,138,127,109,199,100,249,113,95,98,13,75,32,244,127,224,151,104,44,255,193,56,201,132,240,153,53,75,71,13,245,22,194,138,205,0,73,162,78,39,49,157,35,42,152,27,18,203,111,28,222,77,113,117,209,217,113,39,235,5,41,253,104,20,91,38,213,29,189,135,92,139,60,69,146,22,239,135,195,84,81,17,134,93,79,235,127,222,72,5,71,119,3,115,67,182,254,216,94,234,129,143,211,197,240,146,230,106,116,218,208,247,228,111,101,36,116,94,161,0,185,178,196,248,98,142,231,59,146,53,138,140,31,48,166,0,92,194,252,76,215,190,61,66,213,17,16,215,204,152,136,227,136,250,176,39,201,77,113,74,183,166,226,21,80,185,105,52,78,13,93,156,76,196,254,165,229,173,95,142,5,255,16,42,207,47,249,26,18,109,200,143,215,28,11,217,95,172,6,178,55,203,103,219,6,107,56,107,166,1,81,62,54,224,63,235,32,64,181,114,208,157,172,164,43,191,134,49,112,47,146,229,199,83,149,49,185,108,26,141,53,116,169,0,156,213,159,154,183,204,53,95,239,55,113,152,193,181,250,196,149,41,69,112,90,164,117,182,95,134,120,113,203,93,123,83,231,230,151,136,123,209,237,6,58,12,72,147,65,251,81,105,17,30,30,44,64,241,51,150,209,254,143,116,54,174,165,157,240,48,56,16,106,52,0,27,204,175,108,166,198,51,59,108,213,192,205,52,235,191,105,62,69,9,101,22,24,240,129,67,56,252,41,232,180,197,103,210,35,197,83,233,27,137,28,144,83,236,107,195,91,90,228,212,150,234,108,18,40,68,203,171,173,254,234,252,150,38,242,248,19,192,168,139,101,242,204,19,255,248,173,75,93,108,142,181,96,231,146,49,150,42,156,234,8,0,246,155,225,106,16,118,213,163,181,21,160,112,229,97,3,239,103,232,254,173,202,87,228,183,151,162,57,59,3,33,191,50,248,129,251,202,188,31,217,221,169,42,65,58,49,199,34,167,127,218,217
5,11,223,241,193,104,211,237,187,157,77,197,54,73,82,164,150,187,58,34,199,16,143,232,111,133,89,73,72,10,141,65,71,88,10,3,242,16,232,11,45,176,157,252,247,56,237,194,221,93,136,201,31,14,95,72,202,38,87,87,244,161,22,64,39,163,245,12,213,65,5,219,153,54,18,99,97,217,20,231,34,66,226,201,36,123,126,216,243,193,200,118,218,22,217,36,198,234,250,64,115,191,193,148,94,85,223,237,45,12,211,94,246,164,122,200,208,40,110,173,176,1,224,64,147,185,229,14,178,62,112,175,70,152,251,99,251,42,218,250,49,186,51,210,229,12,131,27,90,244,215,97,107,184,251,94,82,119,254,221,146,30,6,177,76,104,25,58,242,74,141,33,6,129,251,153,82,210,152,185,181,194,110,245,34,69,67,35,74,167,49,176,71,201,152,229,241,102,199,218,150,202,213,15,31,252,10,123,74,245,253,152,52,47,76,215,23,29,103,111,30,74,128,153,4,124,94,66,91,231,84,85,23,57,211,245,80,32,172,254,86,243,212,128,101,191,127,1,139,125,253,27,198,243,8,200,217,217,198,158,140,135,218,238,148,102,105,161,223,136,13,103,29,117,84,201,229,173,189,187,194,188,172,118,204,154,146,124,103,72,138,82,234,79,130,147,27,200,116,251,147,187,30,43,250,86,183,194,138,127,10,54,194,215,101,133,143,107,243,102,253,39,16,118,132,22,95,196,129,156,150,191,170,157,25,211,45,238,174,110,240,233,20,202,112,231,64,234,198,21,180,7,128,95,145,178,188,64,67,8,150,229,23,186,109,242,167,212,49,151,110,174,244,13,123,40,238,40,137,186,17,138,203,123,10,218,121,253,104,211,54,112,93,12,83,44,107,30,84,237,199,19,50,111,91,161,92,148,156,78,176,16,40,218,40,46,112,165,27,60,91,57,248,146,8,223,83,49,175,230,39,210,128,18,134,11,60,17,153,218,113,89,180,43,116,220,216,41,216,217,105,141,239,45,55,174,255,171,118,216,206,192,86,119,84,133,103,84,233,52,31,188,214,142,249,155,74,25,107,151,21,99,247,108,39,151,124,35,221,163,163,108,123,94,29,131,79,170,238,107,136,252,169,192,22,111,250,77,253,130,216,59,14,153,162,27,171,111,183,118,1,244,80,202,133,230,107,23,75,217,253,87,148,174,162,240,71,93,166,73,165,113,182,45,132,252,63,201,228,109,79,127,12,169,212,117,112,27,200,73,148,201,187,85,175,5,110,234,42,226,44,158,187,21,72,199,181,5,7,69,111,42,159,172,37,0,210,154,190,241,244,96,68,84,124,25,173,74,2,50,182,60,73,247,32,193,38,142,12,72,1,116,154,83,235,10,174,35,166,195,75,44,196,235,143,155,156,226,94,149,102,204,76,151,95,112,189,85,189,69,176,238,77,142,228,173,223,22,255,206,3,140,166,35,210,250,213,80,160,122,34,201,236,209,103,233,240,136,80,8,227,181,104,195,180,20,144,49,160,145,227,34,128,244,79,98,84,43,192,185,8,186,199,51,157,171,50,31,216,129,109,181,130,137,19,113,59,5,233,96,152,208,233,108,65,127,67,225,152,209,141,158,227,47,173,216,185,229,216,42,244,98,119,61,179,193,169,242,70,172,165,115,65,92,6,228,58,10,16,67,100,172,227,174,251,44,32,151,93,253,121,227,62,219,146,218,226,134,12,193,210,0,186,236,191,41,187,156,212,53,167,180,51,125,158
5,193,13,205,38,89,49,223,233,240,147,215,93,138,150,0,69,61,154,7,202,31,45,206,111,76,241,152,121,157,109,225,157,61,195,174,47,248,220,109,219,62,30,188,21,181,93,73,80,103,202,166,206,193,30,215,105,16,131,121,23,229,177,89,31,159,29,100,7,61,195,87,215,201,165,100,6,202,188,144,45,192,207,122,52,162,14,170,100,5,159,95,231,161,172,198,225,0,98,105,183,49,211,65,233,83,194,55,40,69,160,105,119,181,18,51,253,69,181,59,102,148,104,74,220,202,161,135,104,180,153,183,8,136,0,145,227,112,85,7,218,115,234,232,37,24,49,49,212,18,131,249,165,219,186,244,156,10,129,173,231,87,141,238,43,66,64,173,225,104,151,64,191,135,158,151,49,142,12,186,141,66,44,44,191,254,55,220,238,237,104,102,82,214,122,124,95,216,155,45,31,10,51,126,145,91,234,226,208,2,88,235,118,179,160,90,175,64,244,114,171,80,148,206,183,81,141,57,249,1,255,29,180,130,218,34,231,18,143,105,149,101,241,235,32,104,195,135,68,89,31,160,169,49,218,192,63,57,249,126,162,8,195,51,241,223,10,176,88,159,241,63,245,66,67,47,247,132,174,48,155,103,152,146,236,194,245,155,253,25,0,120,176,150,211,135,232,214,5,153,228,137,104,118,101,116,28,245,171,101,177,73,157,224,183,208,96,125,242,54,191,117,164,41,58,229,201,37,65,20,78,20,20,28,217,198,153,245,123,254,228,230,19,76,196,61,78,127,196,176,72,173,202,150,60,217,249,152,88,68,12,209,214,147,73,70,235,87,8,110,189,152,50,81,102,116,77,35,110,149,125,239,34,154,217,125,54,193,236,158,91,29,60,207,127,161,204,188,13,228,209,141,176,21,174,12,102,153,108,48,41,239,168,0,0,8,139,26,95,117,218,149,170,67,183,187,3,103,60,227,149,104,217,72,156,38,182,124,12,42,137,35,126,106,223,63,111,78,64,166,209,170,165,153,37,96,229,98,216,231,134,221,156,82,157,5,82,166,63,122,158,247,198,177,238,177,73,207,182,150,173,242,151,65,218,31,239,21,12,120,89,252,211,178,123,51,61,117,51,232,198,241,242,214,228,232,105,14,44,50,101,55,97,49,8,0,197,135,15,39,64,252,169,203,178,93,106,84,204,175,158,245,2,98,31,78,237,147,227,187,86,95,141,131,107,2,238,43,124,117,236,114,217,128,131,240,12,134,27,207,190,252,148,252,57,164,212,37,130,123,132,71,127,180,77,230,131,34,201,63,180,206,59,151,114,140,52,255,160,81,241,220,140,166,226,246,27,220,55,179,235,18,144,204,74,158,38,78,154,228,130,72,79,185,157,103,128,130,72,139,47,166,139,41,95,156,132,105,153,97,171,235,19,160,41,162,242,200,226,193,244,27,56,76,166,103,248,214,159,8,159,248,229,169,41,217,26,35,157,7,146,163,236,118,245,202,224,19,212,228,145,58,119,41,185,134,213,85,244,236,95,189,44,133,51,9,145,93,105,9,189,100,152,72,235,57,231,3,26,72,11,90,28,153,103,240,46,112,173,234,211,62,172,186,31,106,185,63,6,39,243,133,153,223,54,152,165,3,254,224,55,108,86,166,247,153,149,30,226,144,116,250,77,33,234,171,70,92,20,248,121,158,143,142,180,51,192,243,116,165,88,239,128,53,254,208,177,205,86,215,1,243,17,57,92,245,88,148,217,113,131,90,32,191,91
2,214,157,65,171,250,115,90,163,20,111,26,104,27,31,186,114,222,180,28,147,248,50,198,213,94,114,160,224,72,192,54,139,119,88,52,233,199,54,83,242,60,65,43,76,110,22,72,207,231,182,137,50,138,246,209,250,233,241,67,6,17,1,182,87,76,63,202,122,246,110,67,192,230,178,44,16,129,111,6,107,213,31,161,208,244,49,129,75,88,108,178,72,51,161,49,24,171,0,108,1,83,143,26,147,34,138,108,138,93,150,4,46,49,110,127,132,12,121,29,179,213,21,58,14,96,156,125,136,209,44,45,94,109,138,200,11,105,33,26,182,2,95,191,244,82,206,75,202,74,83,42,226,193,36,109,90,137,220,16,209,94,108,150,155,58,100,212,99,70,198,96,165,30,93,25,164,44,0,110,21,253,171,145,157,111,178,115,165,247,35,110,15,111,44,204,253,67,143,6,172,202,51,191,210,206,132,215,22,102,192,100,141,14,64,25,94,140,9,255,162,41,188,98,29,252,103,209,223,109,249,225,25,53,27,40,227,38,109,118,73,71,147,36,27,2,153,233,40,140,95,221,35,209,147,54,70,11,189,231,234,171,89,166,22,213,220,236,54,146,211,36,54,24,115,209,202,217,104,39,188,92,18,187,178,119,182,129,63,74,249,146,237,94,38,204,58,9,139,64,160,52,135,184,74,50,163,17,145,231,206,171,186,154,210,17,52,73,33,124,139,200,103,95,212,100,255,83,161,198,219,52,82,130,239,145,69,56,236,226,224,37,149,198,165,89,135,96,190,200,22,218,1,137,169,55,7,29,56,234,30,237,6,105,74,31,136,186,86,246,137,33,89,99,72,0,219,173,160,199,94,39,20,248,122,215,99,144,134,234,3,29,196,140,156,108,9,250,237,161,161,1,124,126,56,74,65,96,157,134,136,64,187,216,31,14,218,166,233,129,248,249,46,232,164,170,57,164,177,57,103,48,144,235,61,180,191,251,134,252,56,181,169,246,253,39,149,114,190,242,192,255,34,22,253,122,200,12,108,90,84,71,114,113,106,173,12,233,15,220,27,57,210,3,135,236,169,197,200,9,241,57,55,254,186,52,23,147,49,64,146,92,166,169,141,223,66,127,7,37,214,147,79,139,16,20,122,134,106,242,35,3,195,80,244,107,125,71,211,202,66,222,153,21,77,153,57,120,60,77,179,144,191,138,118,13,9,62,220,11,179,103,131,65,99,244,219,61,85,176,118,124,77,47,96,15,161,138,116,130,104,248,7,67,158,162,121,249,170,140,147,197,96,136,34,70,24,44,86,141,47,251,227,40,7,33,237,93,152,173,142,99,135,42,175,124,26,203,191,139,215,143,148,79,71,104,7,75,106,124,123,246,32,56,58,163,60,84,249,46,114,159,61,92,131,136,40,12,235,198,110,136,82,232,51,170,172,182,63,21,70,11,101,24,79,159,177,136,160,115,11,80,126,33,176,13,232,56,136,220,59,164,83,177,37,183,80,215,90,163,145,228,178,40,103,31,113,60,88,54,121,146,205,69,30,83,8,72,49,187,160,153,38,23,71,202,38,105,196,113,51,57,39,172,210,39,150,132,228,33,57,186,196,26,177,203,223,209,111,147,194,81,253,188,188,68,153,163,180,44,41,125,197,152,232,235,176,179,35,160,56,212,152,152,200,238,101,207,111,55,141,127,78,41,110,168,38,114,50,211,172,101,45,70,98,61,199,89,36,118,56,202,235,238,111,148,240,241,54,191,77,142,67,30,170
